ICB plus Code,Commissioner / Provider Code,PCN,Practice,Practice Code,Year Month,List Size
NHS NORTH EAST AND NORTH CUMBRIA INTEGRATED CARE BOARD (QHM),00L00,BLYTH PCN,MARINE MEDICAL GROUP,A84014,202506,13867
NHS NORTH EAST AND NORTH CUMBRIA INTEGRATED CARE BOARD (QHM),00L00,BLYTH PCN,RAILWAY MEDICAL GROUP,A84009,202506,26985
NHS NORTH EAST AND NORTH CUMBRIA INTEGRATED CARE BOARD (QHM),00L00,CRAMLINGTON SEATON VALLEY PCN,FORUM FAMILY PRACTICE,A84038,202506,9102
NHS NORTH EAST AND NORTH CUMBRIA INTEGRATED CARE BOARD (QHM),00L00,CRAMLINGTON SEATON VALLEY PCN,NETHERFIELD HOUSE,A84037,202506,6019
NHS NORTH EAST AND NORTH CUMBRIA INTEGRATED CARE BOARD (QHM),00L00,CRAMLINGTON SEATON VALLEY PCN,VILLAGE MEDICAL GROUP,A84030,202506,11439
NHS NORTH EAST AND NORTH CUMBRIA INTEGRATED CARE BOARD (QHM),00L00,DUMMY,RIVERSDALE SURGERY,A84035,202506,5930
NHS NORTH EAST AND NORTH CUMBRIA INTEGRATED CARE BOARD (QHM),00L00,DUMMY,THE ADDERLANE SURGERY,A84614,202506,2203
NHS NORTH EAST AND NORTH CUMBRIA INTEGRATED CARE BOARD (QHM),00L00,NORTHUMBRIA PCN,COQUET MEDICAL GROUP,A84022,202506,12182
NHS NORTH EAST AND NORTH CUMBRIA INTEGRATED CARE BOARD (QHM),00L00,NORTHUMBRIA PCN,CRAMLINGTON MEDICAL GROUP,A84025,202506,5442
NHS NORTH EAST AND NORTH CUMBRIA INTEGRATED CARE BOARD (QHM),00L00,NORTHUMBRIA PCN,ELSDON AVENUE SURGERY,A84619,202506,4321
NHS NORTH EAST AND NORTH CUMBRIA INTEGRATED CARE BOARD (QHM),00L00,NORTHUMBRIA PCN,HAYDON BRIDGE & ALLENDALE MEDICAL PRACT,A84045,202506,5271
NHS NORTH EAST AND NORTH CUMBRIA INTEGRATED CARE BOARD (QHM),00L00,NORTHUMBRIA PCN,NORTHUMBERLAND HEALTH,A84029,202506,4647
NHS NORTH EAST AND NORTH CUMBRIA INTEGRATED CARE BOARD (QHM),00L00,NORTHUMBRIA PCN,PONTELAND MEDICAL GROUP,A84007,202506,10762
NHS NORTH EAST AND NORTH CUMBRIA INTEGRATED CARE BOARD (QHM),00L00,NORTHUMBRIA PCN,THE ROTHBURY PRACTICE,A84002,202506,6139
NHS NORTH EAST AND NORTH CUMBRIA INTEGRATED CARE BOARD (QHM),00L00,NORTHUMBRIA PCN,VALENS MEDICAL PARTNERSHIP,A84036,202506,49565
NHS NORTH EAST AND NORTH CUMBRIA INTEGRATED CARE BOARD (QHM),00L00,WANSBECK PCN,BEDLINGTONSHIRE MED.GROUP,A84005,202506,12802
NHS NORTH EAST AND NORTH CUMBRIA INTEGRATED CARE BOARD (QHM),00L00,WANSBECK PCN,GUIDEPOST MEDICAL GROUP,A84020,202506,8066
NHS NORTH EAST AND NORTH CUMBRIA INTEGRATED CARE BOARD (QHM),00L00,WANSBECK PCN,SEATON PARK MEDICAL GROUP,A84028,202506,19809
NHS NORTH EAST AND NORTH CUMBRIA INTEGRATED CARE BOARD (QHM),00L00,WANSBECK PCN,THE GABLES MEDICAL GROUP,A84013,202506,6314
NHS NORTH EAST AND NORTH CUMBRIA INTEGRATED CARE BOARD (QHM),00L00,WELL UP NORTH PCN,ALNWICK MEDICAL GROUP,A84006,202506,18945
NHS NORTH EAST AND NORTH CUMBRIA INTEGRATED CARE BOARD (QHM),00L00,WELL UP NORTH PCN,BELFORD MEDICAL PRACTICE,A84008,202506,4497
NHS NORTH EAST AND NORTH CUMBRIA INTEGRATED CARE BOARD (QHM),00L00,WELL UP NORTH PCN,GAS HOUSE LANE SURGERY,A84039,202506,7209
NHS NORTH EAST AND NORTH CUMBRIA INTEGRATED CARE BOARD (QHM),00L00,WELL UP NORTH PCN,GREYSTOKE SURGERY,A84031,202506,10845
NHS NORTH EAST AND NORTH CUMBRIA INTEGRATED CARE BOARD (QHM),00L00,WELL UP NORTH PCN,UNION BRAE & NORHAM PRAC,A84044,202506,7153
NHS NORTH EAST AND NORTH CUMBRIA INTEGRATED CARE BOARD (QHM),00L00,WELL UP NORTH PCN,WELL CLOSE MEDICAL GROUP,A84026,202506,9189
NHS NORTH EAST AND NORTH CUMBRIA INTEGRATED CARE BOARD (QHM),00L00,WELL UP NORTH PCN,WOOLER HEALTH,A84604,202506,4904
NHS NORTH EAST AND NORTH CUMBRIA INTEGRATED CARE BOARD (QHM),00L00,WEST NORTHUMBERLAND PCN,BELLINGHAM PRACTICE,A84027,202506,3442
NHS NORTH EAST AND NORTH CUMBRIA INTEGRATED CARE BOARD (QHM),00L00,WEST NORTHUMBERLAND PCN,BRANCH END SURGERY,A84047,202506,5390
NHS NORTH EAST AND NORTH CUMBRIA INTEGRATED CARE BOARD (QHM),00L00,WEST NORTHUMBERLAND PCN,BURN BRAE MEDICAL GROUP,A84024,202506,10432
NHS NORTH EAST AND NORTH CUMBRIA INTEGRATED CARE BOARD (QHM),00L00,WEST NORTHUMBERLAND PCN,CORBRIDGE HEALTH CENTRE,A84018,202506,7294
NHS NORTH EAST AND NORTH CUMBRIA INTEGRATED CARE BOARD (QHM),00L00,WEST NORTHUMBERLAND PCN,HALTWHISTLE MEDICAL GROUP,A84034,202506,5564
NHS NORTH EAST AND NORTH CUMBRIA INTEGRATED CARE BOARD (QHM),00L00,WEST NORTHUMBERLAND PCN,HUMSHAUGH & WARK MED GRP,A84040,202506,3393
NHS NORTH EAST AND NORTH CUMBRIA INTEGRATED CARE BOARD (QHM),00L00,WEST NORTHUMBERLAND PCN,PRUDHOE MEDICAL GROUP,A84016,202506,6878
NHS NORTH EAST AND NORTH CUMBRIA INTEGRATED CARE BOARD (QHM),00L00,WEST NORTHUMBERLAND PCN,SCOTS GAP MEDICAL GROUP,A84042,202506,2167
NHS NORTH EAST AND NORTH CUMBRIA INTEGRATED CARE BOARD (QHM),00L00,WEST NORTHUMBERLAND PCN,THE SELE MEDICAL PRACTICE,A84033,202506,5867
NHS NORTH EAST AND NORTH CUMBRIA INTEGRATED CARE BOARD (QHM),00L00,WEST NORTHUMBERLAND PCN,WHITE MEDICAL GROUP,A84011,202506,8650
NHS NORTH EAST AND NORTH CUMBRIA INTEGRATED CARE BOARD (QHM),00N00,SOUTH TYNESIDE EAST PCN,FARNHAM MEDICAL CTR.,A88002,202506,16806
NHS NORTH EAST AND NORTH CUMBRIA INTEGRATED CARE BOARD (QHM),00N00,SOUTH TYNESIDE EAST PCN,ST GEORGE & RIVERSIDE MEDICAL PRACTICE,A88015,202506,7426
NHS NORTH EAST AND NORTH CUMBRIA INTEGRATED CARE BOARD (QHM),00N00,SOUTH TYNESIDE EAST PCN,TALBOT MEDICAL CENTRE,A88006,202506,7804
NHS NORTH EAST AND NORTH CUMBRIA INTEGRATED CARE BOARD (QHM),00N00,SOUTH TYNESIDE EAST PCN,TRINITY MEDICAL CENTRE,A88008,202506,6382
NHS NORTH EAST AND NORTH CUMBRIA INTEGRATED CARE BOARD (QHM),00N00,SOUTH TYNESIDE EAST PCN,WENLOCK ROAD SURGERY,A88005,202506,4418
NHS NORTH EAST AND NORTH CUMBRIA INTEGRATED CARE BOARD (QHM),00N00,SOUTH TYNESIDE EAST PCN,WEST VIEW SURGERY,A88014,202506,2873
NHS NORTH EAST AND NORTH CUMBRIA INTEGRATED CARE BOARD (QHM),00N00,SOUTH TYNESIDE SOUTH PCN,CENTRAL SURGERY,A88013,202506,19183
NHS NORTH EAST AND NORTH CUMBRIA INTEGRATED CARE BOARD (QHM),00N00,SOUTH TYNESIDE SOUTH PCN,COLLIERY COURT MEDICAL GROUP,A88016,202506,8323
NHS NORTH EAST AND NORTH CUMBRIA INTEGRATED CARE BOARD (QHM),00N00,SOUTH TYNESIDE SOUTH PCN,DR THORNILEY-WALKER & PARTNERS,A88009,202506,6000
NHS NORTH EAST AND NORTH CUMBRIA INTEGRATED CARE BOARD (QHM),00N00,SOUTH TYNESIDE SOUTH PCN,IMEARY MEDICAL GROUP,A88601,202506,4396
NHS NORTH EAST AND NORTH CUMBRIA INTEGRATED CARE BOARD (QHM),00N00,SOUTH TYNESIDE SOUTH PCN,MARSDEN MEDICAL GROUP,A88003,202506,22824
NHS NORTH EAST AND NORTH CUMBRIA INTEGRATED CARE BOARD (QHM),00N00,SOUTH TYNESIDE SOUTH PCN,WHITBURN SURGERY,A88023,202506,5341
NHS NORTH EAST AND NORTH CUMBRIA INTEGRATED CARE BOARD (QHM),00N00,SOUTH TYNESIDE WEST PCN,ALBERT ROAD SURGERY,A88010,202506,3476
NHS NORTH EAST AND NORTH CUMBRIA INTEGRATED CARE BOARD (QHM),00N00,SOUTH TYNESIDE WEST PCN,EAST WING PRACTICE,A88613,202506,4250
NHS NORTH EAST AND NORTH CUMBRIA INTEGRATED CARE BOARD (QHM),00N00,SOUTH TYNESIDE WEST PCN,ELLISON VIEW SURGERY,A88012,202506,6046
NHS NORTH EAST AND NORTH CUMBRIA INTEGRATED CARE BOARD (QHM),00N00,SOUTH TYNESIDE WEST PCN,MAYFIELD MEDICAL GROUP,A88004,202506,9005
NHS NORTH EAST AND NORTH CUMBRIA INTEGRATED CARE BOARD (QHM),00N00,SOUTH TYNESIDE WEST PCN,RAVENSWORTH SURGERY,A88608,202506,5951
NHS NORTH EAST AND NORTH CUMBRIA INTEGRATED CARE BOARD (QHM),00N00,SOUTH TYNESIDE WEST PCN,THE G.P.SUITE,A88025,202506,4355
NHS NORTH EAST AND NORTH CUMBRIA INTEGRATED CARE BOARD (QHM),00N00,SOUTH TYNESIDE WEST PCN,THE GLEN MEDICAL GROUP,A88022,202506,11149
NHS NORTH EAST AND NORTH CUMBRIA INTEGRATED CARE BOARD (QHM),00N00,SOUTH TYNESIDE WEST PCN,VICTORIA MEDICAL CENTRE,A88001,202506,3654
NHS NORTH EAST AND NORTH CUMBRIA INTEGRATED CARE BOARD (QHM),00P00,COALFIELDS PCN,GRANGEWOOD SURGERY,A89028,202506,7452
NHS NORTH EAST AND NORTH CUMBRIA INTEGRATED CARE BOARD (QHM),00P00,COALFIELDS PCN,HERRINGTON MEDICAL CENTRE,A89009,202506,9664
NHS NORTH EAST AND NORTH CUMBRIA INTEGRATED CARE BOARD (QHM),00P00,COALFIELDS PCN,HETTON GROUP PRACTICE,A89004,202506,11848
NHS NORTH EAST AND NORTH CUMBRIA INTEGRATED CARE BOARD (QHM),00P00,COALFIELDS PCN,"HOUGHTON MEDICAL GROUP,",A89023,202506,8433
NHS NORTH EAST AND NORTH CUMBRIA INTEGRATED CARE BOARD (QHM),00P00,COALFIELDS PCN,KEPIER MEDICAL PRACTICE,A89021,202506,8546
NHS NORTH EAST AND NORTH CUMBRIA INTEGRATED CARE BOARD (QHM),00P00,COALFIELDS PCN,WESTBOURNE MEDICAL GROUP,A89030,202506,6651
NHS NORTH EAST AND NORTH CUMBRIA INTEGRATED CARE BOARD (QHM),00P00,DUMMY,PALLION PRIMARY CARE SERVICES,Y01262,202506,34
NHS NORTH EAST AND NORTH CUMBRIA INTEGRATED CARE BOARD (QHM),00P00,SUNDERLAND CENTRAL PCN,HAPPY HOUSE SURGERY,A89041,202506,8142
NHS NORTH EAST AND NORTH CUMBRIA INTEGRATED CARE BOARD (QHM),00P00,SUNDERLAND CENTRAL PCN,NEW SILKSWORTH MEDICAL PRACTICE,A89032,202506,9194
NHS NORTH EAST AND NORTH CUMBRIA INTEGRATED CARE BOARD (QHM),00P00,SUNDERLAND CENTRAL PCN,SPRINGWELL MEDICAL GROUP,A89027,202506,6380
NHS NORTH EAST AND NORTH CUMBRIA INTEGRATED CARE BOARD (QHM),00P00,SUNDERLAND CENTRAL PCN,SUNDERLAND GP ALLIANCE SOUTH HYLTON SURG,A89614,202506,4532
NHS NORTH EAST AND NORTH CUMBRIA INTEGRATED CARE BOARD (QHM),00P00,SUNDERLAND CENTRAL PCN,VILLAGE SURGERY PARTNERSHIP,A89011,202506,4826
NHS NORTH EAST AND NORTH CUMBRIA INTEGRATED CARE BOARD (QHM),00P00,SUNDERLAND EAST PCN,ASHBURN MEDICAL CENTRE,A89018,202506,5280
NHS NORTH EAST AND NORTH CUMBRIA INTEGRATED CARE BOARD (QHM),00P00,SUNDERLAND EAST PCN,DEERNESS PARK MEDICAL GROUP,A89001,202506,13536
NHS NORTH EAST AND NORTH CUMBRIA INTEGRATED CARE BOARD (QHM),00P00,SUNDERLAND EAST PCN,PARK LANE PRACTICE,A89034,202506,4303
NHS NORTH EAST AND NORTH CUMBRIA INTEGRATED CARE BOARD (QHM),00P00,SUNDERLAND EAST PCN,RIVERVIEW SURGERY,A89002,202506,6950
NHS NORTH EAST AND NORTH CUMBRIA INTEGRATED CARE BOARD (QHM),00P00,SUNDERLAND EAST PCN,SOUTHLANDS MEDICAL GROUP,A89035,202506,10609
NHS NORTH EAST AND NORTH CUMBRIA INTEGRATED CARE BOARD (QHM),00P00,SUNDERLAND EAST PCN,THE NEW CITY MEDICAL GROUP,A89013,202506,5654
NHS NORTH EAST AND NORTH CUMBRIA INTEGRATED CARE BOARD (QHM),00P00,SUNDERLAND EAST PCN,VILLETTE SURGERY,A89005,202506,5817
NHS NORTH EAST AND NORTH CUMBRIA INTEGRATED CARE BOARD (QHM),00P00,SUNDERLAND NORTH PCN,BRIDGE VIEW MEDICAL GROUP,A89019,202506,14842
NHS NORTH EAST AND NORTH CUMBRIA INTEGRATED CARE BOARD (QHM),00P00,SUNDERLAND NORTH PCN,CASTLETOWN MEDICAL CENTRE,A89036,202506,2130
NHS NORTH EAST AND NORTH CUMBRIA INTEGRATED CARE BOARD (QHM),00P00,SUNDERLAND NORTH PCN,"FULWELL MEDICAL CENTRE,",A89015,202506,9219
NHS NORTH EAST AND NORTH CUMBRIA INTEGRATED CARE BOARD (QHM),00P00,SUNDERLAND NORTH PCN,MONKWEARMOUTH HEALTH CENTRE,A89040,202506,4626
NHS NORTH EAST AND NORTH CUMBRIA INTEGRATED CARE BOARD (QHM),00P00,SUNDERLAND NORTH PCN,RED HOUSE MEDICAL CENTRE,A89008,202506,5534
NHS NORTH EAST AND NORTH CUMBRIA INTEGRATED CARE BOARD (QHM),00P00,SUNDERLAND NORTH PCN,ST BEDE MEDICAL CENTRE,A89016,202506,9326
NHS NORTH EAST AND NORTH CUMBRIA INTEGRATED CARE BOARD (QHM),00P00,SUNDERLAND WEST 1 PCN,CHESTER SURGERY,A89623,202506,3055
NHS NORTH EAST AND NORTH CUMBRIA INTEGRATED CARE BOARD (QHM),00P00,SUNDERLAND WEST 1 PCN,FORGE MEDICAL PRACTICE,A89020,202506,8590
NHS NORTH EAST AND NORTH CUMBRIA INTEGRATED CARE BOARD (QHM),00P00,SUNDERLAND WEST 1 PCN,HYLTON MEDICAL GROUP,A89031,202506,7223
NHS NORTH EAST AND NORTH CUMBRIA INTEGRATED CARE BOARD (QHM),00P00,SUNDERLAND WEST 1 PCN,MILLFIELD MEDICAL GROUP,A89017,202506,14424
NHS NORTH EAST AND NORTH CUMBRIA INTEGRATED CARE BOARD (QHM),00P00,SUNDERLAND WEST 1 PCN,PALLION FAMILY PRACTICE,A89007,202506,10042
NHS NORTH EAST AND NORTH CUMBRIA INTEGRATED CARE BOARD (QHM),00P00,SUNDERLAND WEST 1 PCN,THE BROADWAY MEDICAL PRACTICE,A89024,202506,7804
NHS NORTH EAST AND NORTH CUMBRIA INTEGRATED CARE BOARD (QHM),00P00,SUNDERLAND WEST 1 PCN,WEARSIDE MEDICAL PRACTICE - PALLION,A89006,202506,7968
NHS NORTH EAST AND NORTH CUMBRIA INTEGRATED CARE BOARD (QHM),00P00,WASHINGTON PCN,CONCORD MEDICAL PRACTICE,A89022,202506,5204
NHS NORTH EAST AND NORTH CUMBRIA INTEGRATED CARE BOARD (QHM),00P00,WASHINGTON PCN,GALLERIES MEDICAL PRACTICE,A89012,202506,11568
NHS NORTH EAST AND NORTH CUMBRIA INTEGRATED CARE BOARD (QHM),00P00,WASHINGTON PCN,I J HEALTHCARE,A89617,202506,3578
NHS NORTH EAST AND NORTH CUMBRIA INTEGRATED CARE BOARD (QHM),00P00,WASHINGTON PCN,NEW WASHINGTON MEDICAL GROUP,A89026,202506,7206
NHS NORTH EAST AND NORTH CUMBRIA INTEGRATED CARE BOARD (QHM),00P00,WASHINGTON PCN,RICKLETON MEDICAL CENTRE,A89616,202506,2834
NHS NORTH EAST AND NORTH CUMBRIA INTEGRATED CARE BOARD (QHM),00P00,WASHINGTON PCN,SUNDERLAND GP ALLIANCE MEDICAL PRACTICE,A89025,202506,10063
NHS NORTH EAST AND NORTH CUMBRIA INTEGRATED CARE BOARD (QHM),00P00,WASHINGTON PCN,THE STEPHENSON MEDICAL PRACTICE,A89010,202506,12246
NHS NORTH EAST AND NORTH CUMBRIA INTEGRATED CARE BOARD (QHM),01H00,CARLISLE HEALTHCARE PCN,CARLISLE HEALTHCARE,A82016,202506,40266
NHS NORTH EAST AND NORTH CUMBRIA INTEGRATED CARE BOARD (QHM),01H00,CARLISLE HEALTHCARE PCN,SPENCER ST SURGERY,A82018,202506,13609
NHS NORTH EAST AND NORTH CUMBRIA INTEGRATED CARE BOARD (QHM),01H00,CARLISLE PCN,CARLISLE CENTRAL PRACTICE,A82015,202506,13488
NHS NORTH EAST AND NORTH CUMBRIA INTEGRATED CARE BOARD (QHM),01H00,CARLISLE PCN,EDEN MEDICAL GROUP,A82020,202506,15472
NHS NORTH EAST AND NORTH CUMBRIA INTEGRATED CARE BOARD (QHM),01H00,CARLISLE PCN,WARWICK SQUARE GROUP PRACTICE,A82654,202506,7861
NHS NORTH EAST AND NORTH CUMBRIA INTEGRATED CARE BOARD (QHM),01H00,CARLISLE RURAL PCN,BRAMPTON MEDICAL PRACTICE,A82012,202506,16737
NHS NORTH EAST AND NORTH CUMBRIA INTEGRATED CARE BOARD (QHM),01H00,CARLISLE RURAL PCN,LONGTOWN MEDICAL CENTRE,A82646,202506,3845
NHS NORTH EAST AND NORTH CUMBRIA INTEGRATED CARE BOARD (QHM),01H00,COCKERMOUTH & MARYPORT PCN,CASTLEGATE AND DERWENT SURGERY,A82021,202506,18153
NHS NORTH EAST AND NORTH CUMBRIA INTEGRATED CARE BOARD (QHM),01H00,COCKERMOUTH & MARYPORT PCN,MARYPORT HEALTH SERVICES,A82032,202506,13855
NHS NORTH EAST AND NORTH CUMBRIA INTEGRATED CARE BOARD (QHM),01H00,COPELAND HAVEN PCN,DISTINGTON SURGERY,A82023,202506,6401
NHS NORTH EAST AND NORTH CUMBRIA INTEGRATED CARE BOARD (QHM),01H00,COPELAND HAVEN PCN,MANSION HOUSE SURGERY,A82075,202506,7619
NHS NORTH EAST AND NORTH CUMBRIA INTEGRATED CARE BOARD (QHM),01H00,COPELAND HAVEN PCN,WESTCROFT HOUSE SURGERY,A82064,202506,6229
NHS NORTH EAST AND NORTH CUMBRIA INTEGRATED CARE BOARD (QHM),01H00,COPELAND PCN,FELLVIEW HEALTHCARE,A82044,202506,23114
NHS NORTH EAST AND NORTH CUMBRIA INTEGRATED CARE BOARD (QHM),01H00,COPELAND PCN,LOWTHER MEDICAL CENTRE,A82041,202506,13780
NHS NORTH EAST AND NORTH CUMBRIA INTEGRATED CARE BOARD (QHM),01H00,COPELAND PCN,SEASCALE HEALTH CENTRE,A82024,202506,5939
NHS NORTH EAST AND NORTH CUMBRIA INTEGRATED CARE BOARD (QHM),01H00,EDEN (CUMBRIA) PCN,ALSTON MEDICAL PRACTICE,A82004,202506,2212
NHS NORTH EAST AND NORTH CUMBRIA INTEGRATED CARE BOARD (QHM),01H00,EDEN (CUMBRIA) PCN,APPLEBY MEDICAL PRACTICE,A82006,202506,5128
NHS NORTH EAST AND NORTH CUMBRIA INTEGRATED CARE BOARD (QHM),01H00,EDEN (CUMBRIA) PCN,BIRBECK MEDICAL GROUP,A82035,202506,14511
NHS NORTH EAST AND NORTH CUMBRIA INTEGRATED CARE BOARD (QHM),01H00,EDEN (CUMBRIA) PCN,COURT THORN SURGERY,A82631,202506,3755
NHS NORTH EAST AND NORTH CUMBRIA INTEGRATED CARE BOARD (QHM),01H00,EDEN (CUMBRIA) PCN,GLENRIDDING HEALTH CENTRE,A82620,202506,975
NHS NORTH EAST AND NORTH CUMBRIA INTEGRATED CARE BOARD (QHM),01H00,EDEN (CUMBRIA) PCN,KIRKOSWALD SURGERY,A82617,202506,2794
NHS NORTH EAST AND NORTH CUMBRIA INTEGRATED CARE BOARD (QHM),01H00,EDEN (CUMBRIA) PCN,SHAP MEDICAL PRACTICE,A82031,202506,3312
NHS NORTH EAST AND NORTH CUMBRIA INTEGRATED CARE BOARD (QHM),01H00,EDEN (CUMBRIA) PCN,TEMPLE SOWERBY MEDICAL PRACTICE,A82038,202506,4652
NHS NORTH EAST AND NORTH CUMBRIA INTEGRATED CARE BOARD (QHM),01H00,EDEN (CUMBRIA) PCN,THE LAKES MEDICAL PRACTICE,A82036,202506,11597
NHS NORTH EAST AND NORTH CUMBRIA INTEGRATED CARE BOARD (QHM),01H00,EDEN (CUMBRIA) PCN,UPPER EDEN MEDICAL PRACTICE,A82013,202506,6513
NHS NORTH EAST AND NORTH CUMBRIA INTEGRATED CARE BOARD (QHM),01H00,KESWICK & SOLWAY PCN,ASPATRIA MEDICAL GROUP,A82055,202506,7218
NHS NORTH EAST AND NORTH CUMBRIA INTEGRATED CARE BOARD (QHM),01H00,KESWICK & SOLWAY PCN,CALDBECK SURGERY,A82014,202506,4276
NHS NORTH EAST AND NORTH CUMBRIA INTEGRATED CARE BOARD (QHM),01H00,KESWICK & SOLWAY PCN,CASTLEHEAD MEDICAL CENTRE,A82028,202506,8369
NHS NORTH EAST AND NORTH CUMBRIA INTEGRATED CARE BOARD (QHM),01H00,KESWICK & SOLWAY PCN,DALSTON MEDICAL GROUP,A82022,202506,5154
NHS NORTH EAST AND NORTH CUMBRIA INTEGRATED CARE BOARD (QHM),01H00,KESWICK & SOLWAY PCN,SILLOTH GROUP MEDICAL PRACTICE,A82037,202506,4420
NHS NORTH EAST AND NORTH CUMBRIA INTEGRATED CARE BOARD (QHM),01H00,KESWICK & SOLWAY PCN,THE CROFT SURGERY,A82029,202506,3551
NHS NORTH EAST AND NORTH CUMBRIA INTEGRATED CARE BOARD (QHM),01H00,KESWICK & SOLWAY PCN,WIGTON GROUP MEDICAL PRACTICE,A82045,202506,9124
NHS NORTH EAST AND NORTH CUMBRIA INTEGRATED CARE BOARD (QHM),01H00,WORKINGTON PCN,JAMES STREET GROUP PRACT,A82047,202506,33280
NHS NORTH EAST AND NORTH CUMBRIA INTEGRATED CARE BOARD (QHM),13T00,BIRTLEY AND CENTRAL GATESHEAD PCN,BIRTLEY MEDICAL GROUP,A85008,202506,15307
NHS NORTH EAST AND NORTH CUMBRIA INTEGRATED CARE BOARD (QHM),13T00,BIRTLEY AND CENTRAL GATESHEAD PCN,OXFORD TCE & RAWLING RD MEDICAL GROUP,A85005,202506,17900
NHS NORTH EAST AND NORTH CUMBRIA INTEGRATED CARE BOARD (QHM),13T00,BIRTLEY AND CENTRAL GATESHEAD PCN,SECOND STREET SURGERY,A85021,202506,4548
NHS NORTH EAST AND NORTH CUMBRIA INTEGRATED CARE BOARD (QHM),13T00,BIRTLEY AND CENTRAL GATESHEAD PCN,THE BRIDGES MEDICAL PRACTICE,A85614,202506,8217
NHS NORTH EAST AND NORTH CUMBRIA INTEGRATED CARE BOARD (QHM),13T00,GATESHEAD CENTRAL SOUTH PCN,BEACON VIEW MEDICAL CENTRE,A85026,202506,5731
NHS NORTH EAST AND NORTH CUMBRIA INTEGRATED CARE BOARD (QHM),13T00,GATESHEAD CENTRAL SOUTH PCN,BENSHAM FAMILY PRACTICE,A85002,202506,3818
NHS NORTH EAST AND NORTH CUMBRIA INTEGRATED CARE BOARD (QHM),13T00,GATESHEAD CENTRAL SOUTH PCN,BEWICK ROAD SURGERY,A85017,202506,8334
NHS NORTH EAST AND NORTH CUMBRIA INTEGRATED CARE BOARD (QHM),13T00,GATESHEAD CENTRAL SOUTH PCN,CENTRAL GATESHEAD MEDICAL GROUP,A85019,202506,10596
NHS NORTH EAST AND NORTH CUMBRIA INTEGRATED CARE BOARD (QHM),13T00,GATESHEAD CENTRAL SOUTH PCN,FELL COTTAGE SURGERY,A85007,202506,8707
NHS NORTH EAST AND NORTH CUMBRIA INTEGRATED CARE BOARD (QHM),13T00,GATESHEAD CENTRAL SOUTH PCN,FELL TOWER MEDICAL CENTRE,A85001,202506,7485
NHS NORTH EAST AND NORTH CUMBRIA INTEGRATED CARE BOARD (QHM),13T00,GATESHEAD CENTRAL SOUTH PCN,MILLENNIUM FAMILY PRACTICE,A85013,202506,3813
NHS NORTH EAST AND NORTH CUMBRIA INTEGRATED CARE BOARD (QHM),13T00,GATESHEAD CENTRAL SOUTH PCN,WREKENTON MEDICAL GROUP,A85016,202506,12191
NHS NORTH EAST AND NORTH CUMBRIA INTEGRATED CARE BOARD (QHM),13T00,GATESHEAD EAST PCN,CROWHALL MEDICAL CENTRE,A85009,202506,6483
NHS NORTH EAST AND NORTH CUMBRIA INTEGRATED CARE BOARD (QHM),13T00,GATESHEAD EAST PCN,LONGRIGG MEDICAL CENTRE,A85004,202506,10144
NHS NORTH EAST AND NORTH CUMBRIA INTEGRATED CARE BOARD (QHM),13T00,GATESHEAD EAST PCN,PELAW MEDICAL PRACTICE,A85611,202506,5534
NHS NORTH EAST AND NORTH CUMBRIA INTEGRATED CARE BOARD (QHM),13T00,GATESHEAD EAST PCN,ST. ALBANS MEDICAL GROUP,A85011,202506,7224
NHS NORTH EAST AND NORTH CUMBRIA INTEGRATED CARE BOARD (QHM),13T00,GATESHEAD INNER WEST PCN,CHAINBRIDGE MEDICAL PARTNERSHIP,A85010,202506,11520
NHS NORTH EAST AND NORTH CUMBRIA INTEGRATED CARE BOARD (QHM),13T00,GATESHEAD INNER WEST PCN,GLENPARK & TEAMS MEDICAL SERVICES,A85006,202506,14533
NHS NORTH EAST AND NORTH CUMBRIA INTEGRATED CARE BOARD (QHM),13T00,GATESHEAD INNER WEST PCN,SUNNISIDE SURGERY,A85617,202506,3862
NHS NORTH EAST AND NORTH CUMBRIA INTEGRATED CARE BOARD (QHM),13T00,GATESHEAD INNER WEST PCN,WHICKHAM COTTAGE MEDICAL CENTRE,A85020,202506,15629
NHS NORTH EAST AND NORTH CUMBRIA INTEGRATED CARE BOARD (QHM),13T00,GATESHEAD OUTER WEST PCN,CHOPWELL PRIMARY HEALTHCARE CENTRE,A85024,202506,2566
NHS NORTH EAST AND NORTH CUMBRIA INTEGRATED CARE BOARD (QHM),13T00,GATESHEAD OUTER WEST PCN,CRAWCROOK MEDICAL CENTRE,A85014,202506,20294
NHS NORTH EAST AND NORTH CUMBRIA INTEGRATED CARE BOARD (QHM),13T00,GATESHEAD OUTER WEST PCN,HOLLYHURST MEDICAL CENTRE,A85616,202506,4944
NHS NORTH EAST AND NORTH CUMBRIA INTEGRATED CARE BOARD (QHM),13T00,GATESHEAD OUTER WEST PCN,OLDWELL SURGERY,A85018,202506,4772
NHS NORTH EAST AND NORTH CUMBRIA INTEGRATED CARE BOARD (QHM),13T00,JESMOND - LOWER GOSFORTH PCN,JESMOND HEALTH PARTNERSHIP,A86020,202506,27296
NHS NORTH EAST AND NORTH CUMBRIA INTEGRATED CARE BOARD (QHM),13T00,JESMOND - LOWER GOSFORTH PCN,ROSEWORTH SURGERY,A86006,202506,5829
NHS NORTH EAST AND NORTH CUMBRIA INTEGRATED CARE BOARD (QHM),13T00,JESMOND - LOWER GOSFORTH PCN,THE GROVE MEDICAL GROUP,A86018,202506,13256
NHS NORTH EAST AND NORTH CUMBRIA INTEGRATED CARE BOARD (QHM),13T00,NEWCASTLE CENTRAL HEALTH PCN,SAVILLE MEDICAL GROUP,A86003,202506,42179
NHS NORTH EAST AND NORTH CUMBRIA INTEGRATED CARE BOARD (QHM),13T00,NEWCASTLE EAST PCN,BENFIELD PARK MEDICAL GROUP,A86023,202506,10378
NHS NORTH EAST AND NORTH CUMBRIA INTEGRATED CARE BOARD (QHM),13T00,NEWCASTLE EAST PCN,BIDDLESTONE HEALTH GROUP,A86010,202506,10736
NHS NORTH EAST AND NORTH CUMBRIA INTEGRATED CARE BOARD (QHM),13T00,NEWCASTLE EAST PCN,HEATON ROAD SURGERY,A86024,202506,7138
NHS NORTH EAST AND NORTH CUMBRIA INTEGRATED CARE BOARD (QHM),13T00,NEWCASTLE EAST PCN,NEWCASTLE MEDICAL CENTRE,A86027,202506,21308
NHS NORTH EAST AND NORTH CUMBRIA INTEGRATED CARE BOARD (QHM),13T00,NEWCASTLE EAST PCN,ST.ANTHONY'S HEALTH CENTRE,A86040,202506,6609
NHS NORTH EAST AND NORTH CUMBRIA INTEGRATED CARE BOARD (QHM),13T00,NEWCASTLE EAST PCN,THORNFIELD MEDICAL GROUP,A86029,202506,20339
NHS NORTH EAST AND NORTH CUMBRIA INTEGRATED CARE BOARD (QHM),13T00,NEWCASTLE EAST PCN,WALKER MEDICAL GROUP,A86011,202506,10744
NHS NORTH EAST AND NORTH CUMBRIA INTEGRATED CARE BOARD (QHM),13T00,NEWCASTLE INNER WEST PCN,BETTS AVENUE MEDICAL GROUP,A86030,202506,10758
NHS NORTH EAST AND NORTH CUMBRIA INTEGRATED CARE BOARD (QHM),13T00,NEWCASTLE INNER WEST PCN,DILSTON MEDICAL CENTRE,Y00184,202506,9730
NHS NORTH EAST AND NORTH CUMBRIA INTEGRATED CARE BOARD (QHM),13T00,NEWCASTLE INNER WEST PCN,ELSWICK FAMILY PRACTICE,A86037,202506,8373
NHS NORTH EAST AND NORTH CUMBRIA INTEGRATED CARE BOARD (QHM),13T00,NEWCASTLE INNER WEST PCN,FENHAM HALL SURGERY,A86031,202506,10855
NHS NORTH EAST AND NORTH CUMBRIA INTEGRATED CARE BOARD (QHM),13T00,NEWCASTLE INNER WEST PCN,PROSPECT MEDICAL CENTRE,A86004,202506,14628
NHS NORTH EAST AND NORTH CUMBRIA INTEGRATED CARE BOARD (QHM),13T00,NEWCASTLE OUTER WEST PCN,DENTON PARK MEDICAL GROUP,A86013,202506,7450
NHS NORTH EAST AND NORTH CUMBRIA INTEGRATED CARE BOARD (QHM),13T00,NEWCASTLE OUTER WEST PCN,DENTON TURRET MEDICAL CENTRE,A86601,202506,9053
NHS NORTH EAST AND NORTH CUMBRIA INTEGRATED CARE BOARD (QHM),13T00,NEWCASTLE OUTER WEST PCN,NEWBURN SURGERY,A86038,202506,6204
NHS NORTH EAST AND NORTH CUMBRIA INTEGRATED CARE BOARD (QHM),13T00,NEWCASTLE OUTER WEST PCN,PARKWAY MEDICAL GROUP,A86022,202506,8438
NHS NORTH EAST AND NORTH CUMBRIA INTEGRATED CARE BOARD (QHM),13T00,NEWCASTLE OUTER WEST PCN,THROCKLEY PRIMARY CARE CENTRE,A86026,202506,7477
NHS NORTH EAST AND NORTH CUMBRIA INTEGRATED CARE BOARD (QHM),13T00,NEWCASTLE OUTER WEST PCN,WESTERHOPE MEDICAL GROUP,A86025,202506,13823
NHS NORTH EAST AND NORTH CUMBRIA INTEGRATED CARE BOARD (QHM),13T00,NORTH GOSFORTH PCN,BRUNTON PARK,A86033,202506,8256
NHS NORTH EAST AND NORTH CUMBRIA INTEGRATED CARE BOARD (QHM),13T00,NORTH GOSFORTH PCN,PARK MEDICAL GROUP,A86008,202506,13311
NHS NORTH EAST AND NORTH CUMBRIA INTEGRATED CARE BOARD (QHM),13T00,NORTH GOSFORTH PCN,REGENT MEDICAL CENTRE,A86028,202506,7603
NHS NORTH EAST AND NORTH CUMBRIA INTEGRATED CARE BOARD (QHM),13T00,WEST END FAMILY HEALTH PCN,CRUDDAS PARK SURGERY,A86017,202506,11666
NHS NORTH EAST AND NORTH CUMBRIA INTEGRATED CARE BOARD (QHM),13T00,WEST END FAMILY HEALTH PCN,HOLMSIDE MEDICAL GROUP,A86021,202506,10079
NHS NORTH EAST AND NORTH CUMBRIA INTEGRATED CARE BOARD (QHM),13T00,WEST END FAMILY HEALTH PCN,WEST ROAD MEDICAL CENTRE,A86012,202506,12461
NHS NORTH EAST AND NORTH CUMBRIA INTEGRATED CARE BOARD (QHM),16C00,BILLINGHAM & NORTON PCN,DR RASOOL,A81602,202506,2189
NHS NORTH EAST AND NORTH CUMBRIA INTEGRATED CARE BOARD (QHM),16C00,BILLINGHAM & NORTON PCN,KINGSWAY MEDICAL CENTRE,A81057,202506,9973
NHS NORTH EAST AND NORTH CUMBRIA INTEGRATED CARE BOARD (QHM),16C00,BILLINGHAM & NORTON PCN,MARSH HOUSE MEDICAL PRACTICE,A81040,202506,8540
NHS NORTH EAST AND NORTH CUMBRIA INTEGRATED CARE BOARD (QHM),16C00,BILLINGHAM & NORTON PCN,MELROSE SURGERY,A81056,202506,2364
NHS NORTH EAST AND NORTH CUMBRIA INTEGRATED CARE BOARD (QHM),16C00,BILLINGHAM & NORTON PCN,NORTON MEDICAL CENTRE,A81036,202506,16293
NHS NORTH EAST AND NORTH CUMBRIA INTEGRATED CARE BOARD (QHM),16C00,BILLINGHAM & NORTON PCN,QUEENSTREE PRACTICE,A81014,202506,4152
NHS NORTH EAST AND NORTH CUMBRIA INTEGRATED CARE BOARD (QHM),16C00,BILLINGHAM & NORTON PCN,THE ROSEBERRY PRACTICE,A81610,202506,7912
NHS NORTH EAST AND NORTH CUMBRIA INTEGRATED CARE BOARD (QHM),16C00,BYTES PCN,EAGLESCLIFFE MEDICAL PRACTICE,A81039,202506,12857
NHS NORTH EAST AND NORTH CUMBRIA INTEGRATED CARE BOARD (QHM),16C00,BYTES PCN,PARK LANE SURGERY,A81066,202506,5451
NHS NORTH EAST AND NORTH CUMBRIA INTEGRATED CARE BOARD (QHM),16C00,BYTES PCN,THORNABY & BARWICK MEDICAL GROUP,A81034,202506,20919
NHS NORTH EAST AND NORTH CUMBRIA INTEGRATED CARE BOARD (QHM),16C00,BYTES PCN,YARM MEDICAL PRACTICE,A81027,202506,14385
NHS NORTH EAST AND NORTH CUMBRIA INTEGRATED CARE BOARD (QHM),16C00,CENTRAL MIDDLESBROUGH PCN,MARTONSIDE MEDICAL CENTRE,A81020,202506,7897
NHS NORTH EAST AND NORTH CUMBRIA INTEGRATED CARE BOARD (QHM),16C00,CENTRAL MIDDLESBROUGH PCN,PARK SURGERY,A81016,202506,12356
NHS NORTH EAST AND NORTH CUMBRIA INTEGRATED CARE BOARD (QHM),16C00,CENTRAL MIDDLESBROUGH PCN,PROSPECT SURGERY,A81029,202506,7057
NHS NORTH EAST AND NORTH CUMBRIA INTEGRATED CARE BOARD (QHM),16C00,CENTRAL MIDDLESBROUGH PCN,THE DISCOVERY PRACTICE,A81064,202506,8449
NHS NORTH EAST AND NORTH CUMBRIA INTEGRATED CARE BOARD (QHM),16C00,CENTRAL MIDDLESBROUGH PCN,THE ENDEAVOUR PRACTICE,A81023,202506,8567
NHS NORTH EAST AND NORTH CUMBRIA INTEGRATED CARE BOARD (QHM),16C00,CENTRAL MIDDLESBROUGH PCN,THE ERIMUS PRACTICE,A81037,202506,6503
NHS NORTH EAST AND NORTH CUMBRIA INTEGRATED CARE BOARD (QHM),16C00,CENTRAL MIDDLESBROUGH PCN,THORNTREE SURGERY,A81621,202506,2750
NHS NORTH EAST AND NORTH CUMBRIA INTEGRATED CARE BOARD (QHM),16C00,DARLINGTON PCN,BLACKETTS MEDICAL PRACTICE,A83034,202506,11506
NHS NORTH EAST AND NORTH CUMBRIA INTEGRATED CARE BOARD (QHM),16C00,DARLINGTON PCN,CARMEL MEDICAL PRACTICE,A83031,202506,11726
NHS NORTH EAST AND NORTH CUMBRIA INTEGRATED CARE BOARD (QHM),16C00,DARLINGTON PCN,CLIFTON COURT MEDICAL PRACTICE,A83040,202506,12289
NHS NORTH EAST AND NORTH CUMBRIA INTEGRATED CARE BOARD (QHM),16C00,DARLINGTON PCN,DENMARK STREET SURGERY,A83047,202506,15016
NHS NORTH EAST AND NORTH CUMBRIA INTEGRATED CARE BOARD (QHM),16C00,DARLINGTON PCN,MIDDLETON AND DINSDALE MEDICAL PRACTICE,A83070,202506,5912
NHS NORTH EAST AND NORTH CUMBRIA INTEGRATED CARE BOARD (QHM),16C00,DARLINGTON PCN,MOORLANDS SURGERY,A83010,202506,13240
NHS NORTH EAST AND NORTH CUMBRIA INTEGRATED CARE BOARD (QHM),16C00,DARLINGTON PCN,NEASHAM ROAD SURGERY,A83013,202506,13364
NHS NORTH EAST AND NORTH CUMBRIA INTEGRATED CARE BOARD (QHM),16C00,DARLINGTON PCN,ORCHARD COURT SURGERY,A83006,202506,8637
NHS NORTH EAST AND NORTH CUMBRIA INTEGRATED CARE BOARD (QHM),16C00,DARLINGTON PCN,PARKGATE SURGERY,A83641,202506,4855
NHS NORTH EAST AND NORTH CUMBRIA INTEGRATED CARE BOARD (QHM),16C00,DARLINGTON PCN,ROCKLIFFE COURT SURGERY,A83048,202506,6243
NHS NORTH EAST AND NORTH CUMBRIA INTEGRATED CARE BOARD (QHM),16C00,DARLINGTON PCN,WHINFIELD MEDICAL PRACTICE,A83005,202506,12162
NHS NORTH EAST AND NORTH CUMBRIA INTEGRATED CARE BOARD (QHM),16C00,DUMMY,THE RIDGEWAY HEALTH CENTRE,Y03303,202506,10
NHS NORTH EAST AND NORTH CUMBRIA INTEGRATED CARE BOARD (QHM),16C00,EAST CLEVELAND PCN,BROTTON SURGERY,A81013,202506,7698
NHS NORTH EAST AND NORTH CUMBRIA INTEGRATED CARE BOARD (QHM),16C00,EAST CLEVELAND PCN,HILLSIDE PRACTICE,A81022,202506,9384
NHS NORTH EAST AND NORTH CUMBRIA INTEGRATED CARE BOARD (QHM),16C00,EAST CLEVELAND PCN,SPRINGWOOD SURGERY,A81005,202506,7618
NHS NORTH EAST AND NORTH CUMBRIA INTEGRATED CARE BOARD (QHM),16C00,EAST CLEVELAND PCN,THE GARTH,A81032,202506,11632
NHS NORTH EAST AND NORTH CUMBRIA INTEGRATED CARE BOARD (QHM),16C00,EAST CLEVELAND PCN,WOODSIDE SURGERY,A81053,202506,5843
NHS NORTH EAST AND NORTH CUMBRIA INTEGRATED CARE BOARD (QHM),16C00,ESTON PCN,CAMBRIDGE MEDICAL GROUP,A81051,202506,7283
NHS NORTH EAST AND NORTH CUMBRIA INTEGRATED CARE BOARD (QHM),16C00,ESTON PCN,NORMANBY MEDICAL CENTRE,A81021,202506,22879
NHS NORTH EAST AND NORTH CUMBRIA INTEGRATED CARE BOARD (QHM),16C00,ESTON PCN,SOUTH GRANGE MEDICAL GROUP PRACTICE,A81042,202506,15483
NHS NORTH EAST AND NORTH CUMBRIA INTEGRATED CARE BOARD (QHM),16C00,ESTON PCN,THE ESTON SURGERY,A81065,202506,3703
NHS NORTH EAST AND NORTH CUMBRIA INTEGRATED CARE BOARD (QHM),16C00,GREATER MIDDLESBROUGH PCN,ACKLAM MEDICAL CENTRE,A81004,202506,11327
NHS NORTH EAST AND NORTH CUMBRIA INTEGRATED CARE BOARD (QHM),16C00,GREATER MIDDLESBROUGH PCN,COULBY MEDICAL PRACTICE,A81058,202506,9258
NHS NORTH EAST AND NORTH CUMBRIA INTEGRATED CARE BOARD (QHM),16C00,GREATER MIDDLESBROUGH PCN,CROSSFELL HEALTH CENTRE,A81019,202506,8870
NHS NORTH EAST AND NORTH CUMBRIA INTEGRATED CARE BOARD (QHM),16C00,GREATER MIDDLESBROUGH PCN,HIRSEL MEDICAL CENTRE,A81038,202506,3774
NHS NORTH EAST AND NORTH CUMBRIA INTEGRATED CARE BOARD (QHM),16C00,GREATER MIDDLESBROUGH PCN,KINGS MEDICAL CENTRE,A81049,202506,6445
NHS NORTH EAST AND NORTH CUMBRIA INTEGRATED CARE BOARD (QHM),16C00,GREATER MIDDLESBROUGH PCN,NEWLANDS MEDICAL CENTRE,A81035,202506,9721
NHS NORTH EAST AND NORTH CUMBRIA INTEGRATED CARE BOARD (QHM),16C00,GREATER MIDDLESBROUGH PCN,PARKWAY MEDICAL CENTRE,A81611,202506,9472
NHS NORTH EAST AND NORTH CUMBRIA INTEGRATED CARE BOARD (QHM),16C00,GREATER MIDDLESBROUGH PCN,WESTBOURNE MEDICAL CENTRE,A81012,202506,5680
NHS NORTH EAST AND NORTH CUMBRIA INTEGRATED CARE BOARD (QHM),16C00,HARTLEPOOL HEALTH PCN,MCKENZIE GROUP PRACTICE,A81070,202506,6178
NHS NORTH EAST AND NORTH CUMBRIA INTEGRATED CARE BOARD (QHM),16C00,HARTLEPOOL HEALTH PCN,MCKENZIE HOUSE SURGERY,A81044,202506,19049
NHS NORTH EAST AND NORTH CUMBRIA INTEGRATED CARE BOARD (QHM),16C00,HARTLEPOOL HEALTH PCN,THE HEADLAND MEDICAL CENTRE,A81063,202506,5367
NHS NORTH EAST AND NORTH CUMBRIA INTEGRATED CARE BOARD (QHM),16C00,HARTLEPOOL PCN,GLADSTONE HOUSE SURGERY,A81622,202506,5649
NHS NORTH EAST AND NORTH CUMBRIA INTEGRATED CARE BOARD (QHM),16C00,HARTLEPOOL PCN,HART MEDICAL PRACTICE,A81041,202506,9420
NHS NORTH EAST AND NORTH CUMBRIA INTEGRATED CARE BOARD (QHM),16C00,HARTLEPOOL PCN,THE PATEL PRACTICE,A81612,202506,4067
NHS NORTH EAST AND NORTH CUMBRIA INTEGRATED CARE BOARD (QHM),16C00,HARTLEPOOL PCN,WEST QUAY MEDICAL PRACTICE,A81060,202506,6313
NHS NORTH EAST AND NORTH CUMBRIA INTEGRATED CARE BOARD (QHM),16C00,HARTLEPOOL PCN,WEST VIEW MILLENIUM SURGERY A,A81631,202506,7504
NHS NORTH EAST AND NORTH CUMBRIA INTEGRATED CARE BOARD (QHM),16C00,HOLGATE PCN,BOROUGH ROAD & NUNTHORPE MEDICAL GROUP,A81030,202506,16820
NHS NORTH EAST AND NORTH CUMBRIA INTEGRATED CARE BOARD (QHM),16C00,HOLGATE PCN,LINTHORPE SURGERY,A81026,202506,20953
NHS NORTH EAST AND NORTH CUMBRIA INTEGRATED CARE BOARD (QHM),16C00,HOLGATE PCN,VILLAGE MEDICAL CENTRE,A81009,202506,8066
NHS NORTH EAST AND NORTH CUMBRIA INTEGRATED CARE BOARD (QHM),16C00,NORTH STOCKTON PCN,ALMA MEDICAL CENTRE,A81067,202506,10939
NHS NORTH EAST AND NORTH CUMBRIA INTEGRATED CARE BOARD (QHM),16C00,NORTH STOCKTON PCN,QUEENS PARK MEDICAL CENTRE,A81002,202506,18727
NHS NORTH EAST AND NORTH CUMBRIA INTEGRATED CARE BOARD (QHM),16C00,NORTH STOCKTON PCN,TENNANT STREET MEDICAL PRACTICE,A81006,202506,14644
NHS NORTH EAST AND NORTH CUMBRIA INTEGRATED CARE BOARD (QHM),16C00,ONE LIFE HARTLEPOOL PCN,BANKHOUSE SURGERY,A81007,202506,10588
NHS NORTH EAST AND NORTH CUMBRIA INTEGRATED CARE BOARD (QHM),16C00,ONE LIFE HARTLEPOOL PCN,CHADWICK PRACTICE,A81011,202506,11888
NHS NORTH EAST AND NORTH CUMBRIA INTEGRATED CARE BOARD (QHM),16C00,ONE LIFE HARTLEPOOL PCN,HAVELOCK GRANGE PRACTICE,A81031,202506,13668
NHS NORTH EAST AND NORTH CUMBRIA INTEGRATED CARE BOARD (QHM),16C00,REDCAR COASTAL PCN,BENTLEY MEDICAL PRACTICE,A81018,202506,10228
NHS NORTH EAST AND NORTH CUMBRIA INTEGRATED CARE BOARD (QHM),16C00,REDCAR COASTAL PCN,HUNTCLIFF SURGERY,A81618,202506,9956
NHS NORTH EAST AND NORTH CUMBRIA INTEGRATED CARE BOARD (QHM),16C00,REDCAR COASTAL PCN,THE COATHAM ROAD SURGERY,A81045,202506,6248
NHS NORTH EAST AND NORTH CUMBRIA INTEGRATED CARE BOARD (QHM),16C00,REDCAR COASTAL PCN,THE GREEN HOUSE SURGERY,A81052,202506,9963
NHS NORTH EAST AND NORTH CUMBRIA INTEGRATED CARE BOARD (QHM),16C00,REDCAR COASTAL PCN,THE RAVENSCAR SURGERY,Y00286,202506,3395
NHS NORTH EAST AND NORTH CUMBRIA INTEGRATED CARE BOARD (QHM),16C00,REDCAR COASTAL PCN,THE SALTSCAR SURGERY,A81054,202506,8526
NHS NORTH EAST AND NORTH CUMBRIA INTEGRATED CARE BOARD (QHM),16C00,REDCAR COASTAL PCN,ZETLAND MEDICAL PRACTICE,A81048,202506,7041
NHS NORTH EAST AND NORTH CUMBRIA INTEGRATED CARE BOARD (QHM),16C00,STOCKTON PCN,ELM TREE SURGERY,A81608,202506,15950
NHS NORTH EAST AND NORTH CUMBRIA INTEGRATED CARE BOARD (QHM),16C00,STOCKTON PCN,RIVERSIDE MEDICAL PRACTICE,A81629,202506,10480
NHS NORTH EAST AND NORTH CUMBRIA INTEGRATED CARE BOARD (QHM),16C00,STOCKTON PCN,THE DENSHAM SURGERY,A81001,202506,3878
NHS NORTH EAST AND NORTH CUMBRIA INTEGRATED CARE BOARD (QHM),16C00,STOCKTON PCN,THE DOVECOT SURGERY,A81025,202506,4086
NHS NORTH EAST AND NORTH CUMBRIA INTEGRATED CARE BOARD (QHM),16C00,STOCKTON PCN,WOODBRIDGE PRACTICE,A81017,202506,18353
NHS NORTH EAST AND NORTH CUMBRIA INTEGRATED CARE BOARD (QHM),16C00,STOCKTON PCN,WOODLANDS FAMILY MEDICAL CENTRE,A81046,202506,12287
NHS NORTH EAST AND NORTH CUMBRIA INTEGRATED CARE BOARD (QHM),84H00,BISHOP AUCKLAND PCN,AUCKLAND MEDICAL GROUP,A83021,202506,15940
NHS NORTH EAST AND NORTH CUMBRIA INTEGRATED CARE BOARD (QHM),84H00,BISHOP AUCKLAND PCN,BISHOPGATE MEDICAL CENTRE,A83025,202506,13706
NHS NORTH EAST AND NORTH CUMBRIA INTEGRATED CARE BOARD (QHM),84H00,BISHOP AUCKLAND PCN,STATION VIEW MEDICAL CENTRE,A83015,202506,9706
NHS NORTH EAST AND NORTH CUMBRIA INTEGRATED CARE BOARD (QHM),84H00,CHESTER LE STREET PCN,BRIDGE END SURGERY,A83009,202506,7700
NHS NORTH EAST AND NORTH CUMBRIA INTEGRATED CARE BOARD (QHM),84H00,CHESTER LE STREET PCN,CESTRIA HEALTH CENTRE,A83050,202506,12679
NHS NORTH EAST AND NORTH CUMBRIA INTEGRATED CARE BOARD (QHM),84H00,CHESTER LE STREET PCN,GREAT LUMLEY SURGERY,A83029,202506,5229
NHS NORTH EAST AND NORTH CUMBRIA INTEGRATED CARE BOARD (QHM),84H00,CHESTER LE STREET PCN,MIDDLE CHARE MEDICAL GROUP,A83028,202506,9388
NHS NORTH EAST AND NORTH CUMBRIA INTEGRATED CARE BOARD (QHM),84H00,CHESTER LE STREET PCN,PELTON & FELLROSE MEDICAL GROUP,A83033,202506,10165
NHS NORTH EAST AND NORTH CUMBRIA INTEGRATED CARE BOARD (QHM),84H00,CHESTER LE STREET PCN,SACRISTON MEDICAL CENTRE,A83026,202506,10729
NHS NORTH EAST AND NORTH CUMBRIA INTEGRATED CARE BOARD (QHM),84H00,CHESTER LE STREET PCN,VILLAGES MEDICAL GROUP,A83637,202506,4113
NHS NORTH EAST AND NORTH CUMBRIA INTEGRATED CARE BOARD (QHM),84H00,CLAYPATH & UNIVERSITY MEDICAL GROUP PCN,CLAYPATH & UNIVERSITY MEDICAL GROUP,A83011,202506,32304
NHS NORTH EAST AND NORTH CUMBRIA INTEGRATED CARE BOARD (QHM),84H00,DERWENTSIDE PCN,ANNFIELD PLAIN SURGERY,A83644,202506,3597
NHS NORTH EAST AND NORTH CUMBRIA INTEGRATED CARE BOARD (QHM),84H00,DERWENTSIDE PCN,BROWNEY HOUSE SURGERY,A83617,202506,2659
NHS NORTH EAST AND NORTH CUMBRIA INTEGRATED CARE BOARD (QHM),84H00,DERWENTSIDE PCN,CEDARS MEDICAL GROUP,A83038,202506,6192
NHS NORTH EAST AND NORTH CUMBRIA INTEGRATED CARE BOARD (QHM),84H00,DERWENTSIDE PCN,CONSETT MEDICAL CENTRE,A83018,202506,16784
NHS NORTH EAST AND NORTH CUMBRIA INTEGRATED CARE BOARD (QHM),84H00,DERWENTSIDE PCN,DRS LAMBERT & NG,A83073,202506,5288
NHS NORTH EAST AND NORTH CUMBRIA INTEGRATED CARE BOARD (QHM),84H00,DERWENTSIDE PCN,LANCHESTER MEDICAL CENTRE,A83072,202506,4187
NHS NORTH EAST AND NORTH CUMBRIA INTEGRATED CARE BOARD (QHM),84H00,DERWENTSIDE PCN,LEADGATE SURGERY,A83636,202506,5809
NHS NORTH EAST AND NORTH CUMBRIA INTEGRATED CARE BOARD (QHM),84H00,DERWENTSIDE PCN,OAKFIELDS HEALTH GROUP,A83618,202506,7697
NHS NORTH EAST AND NORTH CUMBRIA INTEGRATED CARE BOARD (QHM),84H00,DERWENTSIDE PCN,QUEENS ROAD SURGERY,A83049,202506,16368
NHS NORTH EAST AND NORTH CUMBRIA INTEGRATED CARE BOARD (QHM),84H00,DERWENTSIDE PCN,STANLEY MEDICAL GROUP,A83023,202506,12542
NHS NORTH EAST AND NORTH CUMBRIA INTEGRATED CARE BOARD (QHM),84H00,DERWENTSIDE PCN,TANFIELD VIEW MEDICAL GROUP,A83016,202506,10799
NHS NORTH EAST AND NORTH CUMBRIA INTEGRATED CARE BOARD (QHM),84H00,DERWENTSIDE PCN,THE HAVEN SURGERY,A83622,202506,1745
NHS NORTH EAST AND NORTH CUMBRIA INTEGRATED CARE BOARD (QHM),84H00,DURHAM COAST PCN,BEVAN MEDICAL GROUP,A83616,202506,8640
NHS NORTH EAST AND NORTH CUMBRIA INTEGRATED CARE BOARD (QHM),84H00,DURHAM COAST PCN,EAST DURHAM MEDICAL GROUP,A83057,202506,18244
NHS NORTH EAST AND NORTH CUMBRIA INTEGRATED CARE BOARD (QHM),84H00,DURHAM COAST PCN,SOUTHDENE MEDICAL CENTRE,A83619,202506,3391
NHS NORTH EAST AND NORTH CUMBRIA INTEGRATED CARE BOARD (QHM),84H00,DURHAM COAST PCN,WINGATE MEDICAL PRACTICE INTRAHEALTH,A83610,202506,3543
NHS NORTH EAST AND NORTH CUMBRIA INTEGRATED CARE BOARD (QHM),84H00,DURHAM EAST PCN,BELMONT & SHERBURN MEDICAL GROUP,A83014,202506,6274
NHS NORTH EAST AND NORTH CUMBRIA INTEGRATED CARE BOARD (QHM),84H00,DURHAM EAST PCN,BOWBURN MEDICAL CENTRE,A83635,202506,4583
NHS NORTH EAST AND NORTH CUMBRIA INTEGRATED CARE BOARD (QHM),84H00,DURHAM EAST PCN,CHEVELEY PARK MEDICAL CTR,A83055,202506,5075
NHS NORTH EAST AND NORTH CUMBRIA INTEGRATED CARE BOARD (QHM),84H00,DURHAM EAST PCN,COXHOE MEDICAL PRACTICE,A83027,202506,7652
NHS NORTH EAST AND NORTH CUMBRIA INTEGRATED CARE BOARD (QHM),84H00,DURHAM EAST PCN,WEST RAINTON SURGERY,A83024,202506,5476
NHS NORTH EAST AND NORTH CUMBRIA INTEGRATED CARE BOARD (QHM),84H00,DURHAM WEST PCN,CHASTLETON MEDICAL GROUP,A83036,202506,10340
NHS NORTH EAST AND NORTH CUMBRIA INTEGRATED CARE BOARD (QHM),84H00,DURHAM WEST PCN,DUNELM MEDICAL PRACTICE,A83030,202506,14494
NHS NORTH EAST AND NORTH CUMBRIA INTEGRATED CARE BOARD (QHM),84H00,DURHAM WEST PCN,THE MEDICAL GROUP,A83022,202506,26671
NHS NORTH EAST AND NORTH CUMBRIA INTEGRATED CARE BOARD (QHM),84H00,EASINGTON CENTRAL PCN,BLACKHALL AND PETERLEE PRACTICE,A83007,202506,10252
NHS NORTH EAST AND NORTH CUMBRIA INTEGRATED CARE BOARD (QHM),84H00,EASINGTON CENTRAL PCN,THE HORDEN GROUP PRACTICE,A83044,202506,8296
NHS NORTH EAST AND NORTH CUMBRIA INTEGRATED CARE BOARD (QHM),84H00,EASINGTON CENTRAL PCN,WILLIAM BROWN CENTRE,A83012,202506,15591
NHS NORTH EAST AND NORTH CUMBRIA INTEGRATED CARE BOARD (QHM),84H00,NORTH EASINGTON PCN,BYRON MEDICAL PRACTICE,A83075,202506,8319
NHS NORTH EAST AND NORTH CUMBRIA INTEGRATED CARE BOARD (QHM),84H00,NORTH EASINGTON PCN,MARLBOROUGH SURGERY,A83051,202506,11434
NHS NORTH EAST AND NORTH CUMBRIA INTEGRATED CARE BOARD (QHM),84H00,NORTH EASINGTON PCN,MURTON MEDICAL CENTRE,A83041,202506,7349
NHS NORTH EAST AND NORTH CUMBRIA INTEGRATED CARE BOARD (QHM),84H00,NORTH EASINGTON PCN,SILVERDALE FAMILY PRACTICE,A83627,202506,6639
NHS NORTH EAST AND NORTH CUMBRIA INTEGRATED CARE BOARD (QHM),84H00,NORTH EASINGTON PCN,THE NEW SEAHAM MEDICAL GROUP,A83071,202506,4680
NHS NORTH EAST AND NORTH CUMBRIA INTEGRATED CARE BOARD (QHM),84H00,SEDGEFIELD 1 PCN,BEWICK CRESCENT SURGERY,A83037,202506,13003
NHS NORTH EAST AND NORTH CUMBRIA INTEGRATED CARE BOARD (QHM),84H00,SEDGEFIELD 1 PCN,HALLGARTH SURGERY,A83008,202506,5370
NHS NORTH EAST AND NORTH CUMBRIA INTEGRATED CARE BOARD (QHM),84H00,SEDGEFIELD 1 PCN,JUBILEE MEDICAL GROUP,A83066,202506,12765
NHS NORTH EAST AND NORTH CUMBRIA INTEGRATED CARE BOARD (QHM),84H00,SEDGEFIELD 1 PCN,PEASE WAY MEDICAL CENTRE,A83074,202506,12006
NHS NORTH EAST AND NORTH CUMBRIA INTEGRATED CARE BOARD (QHM),84H00,SEDGEFIELD NORTH PCN,BISHOPS CLOSE MEDICAL PRACTICE,A83052,202506,8651
NHS NORTH EAST AND NORTH CUMBRIA INTEGRATED CARE BOARD (QHM),84H00,SEDGEFIELD NORTH PCN,FERRYHILL AND CHILTON MEDICAL PRACTICE,A83045,202506,14881
NHS NORTH EAST AND NORTH CUMBRIA INTEGRATED CARE BOARD (QHM),84H00,SEDGEFIELD NORTH PCN,SKERNE MEDICAL GROUP,A83054,202506,16861
NHS NORTH EAST AND NORTH CUMBRIA INTEGRATED CARE BOARD (QHM),84H00,SEDGEFIELD NORTH PCN,ST ANDREW'S MEDICAL PRACTICE,A83001,202506,15740
NHS NORTH EAST AND NORTH CUMBRIA INTEGRATED CARE BOARD (QHM),84H00,SEDGEFIELD NORTH PCN,WEST CORNFORTH MEDICAL CENTRE,A83634,202506,2758
NHS NORTH EAST AND NORTH CUMBRIA INTEGRATED CARE BOARD (QHM),84H00,TEESDALE PCN,BARNARD CASTLE SURGERY,A83046,202506,11006
NHS NORTH EAST AND NORTH CUMBRIA INTEGRATED CARE BOARD (QHM),84H00,TEESDALE PCN,EVENWOOD MEDICAL PRACTICE,A83626,202506,2293
NHS NORTH EAST AND NORTH CUMBRIA INTEGRATED CARE BOARD (QHM),84H00,TEESDALE PCN,GAINFORD SURGERY,A83061,202506,3679
NHS NORTH EAST AND NORTH CUMBRIA INTEGRATED CARE BOARD (QHM),84H00,TEESDALE PCN,OLD FORGE SURGERY,A83043,202506,2694
NHS NORTH EAST AND NORTH CUMBRIA INTEGRATED CARE BOARD (QHM),84H00,TEESDALE PCN,PINFOLD MEDICAL PRACTICE,A83060,202506,2890
NHS NORTH EAST AND NORTH CUMBRIA INTEGRATED CARE BOARD (QHM),84H00,TEESDALE PCN,WOODVIEW MEDICAL PRACTICE,A83032,202506,2616
NHS NORTH EAST AND NORTH CUMBRIA INTEGRATED CARE BOARD (QHM),84H00,WEAR VALLEY PCN,NORTH HOUSE SURGERY,A83020,202506,13501
NHS NORTH EAST AND NORTH CUMBRIA INTEGRATED CARE BOARD (QHM),84H00,WEAR VALLEY PCN,THE WEARDALE PRACTICE,A83035,202506,7177
NHS NORTH EAST AND NORTH CUMBRIA INTEGRATED CARE BOARD (QHM),84H00,WEAR VALLEY PCN,WILLINGTON MEDICAL GROUP,A83003,202506,9170
NHS NORTH EAST AND NORTH CUMBRIA INTEGRATED CARE BOARD (QHM),99C00,CRAMLINGTON SEATON VALLEY PCN,WOODLANDS PARK HEALTH CTR,A87017,202506,6670
NHS NORTH EAST AND NORTH CUMBRIA INTEGRATED CARE BOARD (QHM),99C00,NORTH SHIELDS PCN,COLLINGWOOD HEALTH GROUP,A87004,202506,24517
NHS NORTH EAST AND NORTH CUMBRIA INTEGRATED CARE BOARD (QHM),99C00,NORTH SHIELDS PCN,PRIORY MEDICAL GROUP,A87009,202506,15455
NHS NORTH EAST AND NORTH CUMBRIA INTEGRATED CARE BOARD (QHM),99C00,NORTH SHIELDS PCN,REDBURN PARK MEDICAL CENTRE,A87030,202506,6259
NHS NORTH EAST AND NORTH CUMBRIA INTEGRATED CARE BOARD (QHM),99C00,NORTH SHIELDS PCN,SPRING TERRACE HEALTH CENTRE,A87002,202506,21543
NHS NORTH EAST AND NORTH CUMBRIA INTEGRATED CARE BOARD (QHM),99C00,NORTH TYNESIDE NORTH WEST PCN,LANE END SURGERY,A86016,202506,9476
NHS NORTH EAST AND NORTH CUMBRIA INTEGRATED CARE BOARD (QHM),99C00,NORTH TYNESIDE NORTH WEST PCN,MALLARD MEDICAL PRACTICE,A87615,202506,5486
NHS NORTH EAST AND NORTH CUMBRIA INTEGRATED CARE BOARD (QHM),99C00,NORTH TYNESIDE NORTH WEST PCN,NORTHUMBERLAND PARK MEDICAL GROUP,A87022,202506,9598
NHS NORTH EAST AND NORTH CUMBRIA INTEGRATED CARE BOARD (QHM),99C00,NORTH TYNESIDE NORTH WEST PCN,STEPHENSON PARK HEALTH GROUP,A87007,202506,17806
NHS NORTH EAST AND NORTH CUMBRIA INTEGRATED CARE BOARD (QHM),99C00,NORTH TYNESIDE NORTH WEST PCN,SWARLAND AVENUE SURGERY,A86041,202506,6696
NHS NORTH EAST AND NORTH CUMBRIA INTEGRATED CARE BOARD (QHM),99C00,NORTH TYNESIDE NORTH WEST PCN,WELLSPRING MEDICAL PRACT.,A87612,202506,6524
NHS NORTH EAST AND NORTH CUMBRIA INTEGRATED CARE BOARD (QHM),99C00,NORTH TYNESIDE NORTH WEST PCN,WEST FARM SURGERY,A86005,202506,6004
NHS NORTH EAST AND NORTH CUMBRIA INTEGRATED CARE BOARD (QHM),99C00,NORTH TYNESIDE NORTH WEST PCN,WIDEOPEN MEDICAL CENTRE,A87012,202506,7515
NHS NORTH EAST AND NORTH CUMBRIA INTEGRATED CARE BOARD (QHM),99C00,WALLSEND PCN,BEWICKE MEDICAL CENTRE,A87013,202506,9303
NHS NORTH EAST AND NORTH CUMBRIA INTEGRATED CARE BOARD (QHM),99C00,WALLSEND PCN,HADRIAN HEALTH CENTRE,A87029,202506,21049
NHS NORTH EAST AND NORTH CUMBRIA INTEGRATED CARE BOARD (QHM),99C00,WALLSEND PCN,THE VILLAGE GREEN SURGERY,A87016,202506,12801
NHS NORTH EAST AND NORTH CUMBRIA INTEGRATED CARE BOARD (QHM),99C00,WHITLEY BAY PCN,BEAUMONT PARK SURGERY,A87011,202506,6358
NHS NORTH EAST AND NORTH CUMBRIA INTEGRATED CARE BOARD (QHM),99C00,WHITLEY BAY PCN,BRIDGE AND MONKSEATON MEDICAL PRACTICE,A87020,202506,13304
NHS NORTH EAST AND NORTH CUMBRIA INTEGRATED CARE BOARD (QHM),99C00,WHITLEY BAY PCN,MARINE AVENUE MEDICAL CTR,A87008,202506,8914
NHS NORTH EAST AND NORTH CUMBRIA INTEGRATED CARE BOARD (QHM),99C00,WHITLEY BAY PCN,WHITLEY BAY HEALTH CENTRE,A87005,202506,13681